id;name;eventTypeId;responsableId
1386;Seminario de apertura;1;5325
1387;Seminario de clausura;1;5325
1388;Seminario intermodular 2;1;5325
1383;Mentoría en pareja;2;5323
1384;Mentoría individual;2;5323
1385;Mentoría situacional;2;5323
1389;Seminario intermodular 1;1;5325
36;Comunidad de práctica;4;208
37;Comunidad de práctica;4;187
38;Comunidad de práctica;4;185
39;Comunidad de práctica;4;183
40;Comunidad de práctica;4;176
41;Comunidad de práctica;4;175
42;Comunidad de práctica;4;151
43;Comunidad de práctica;4;150
44;Comunidad de práctica;4;133
45;Comunidad de práctica;4;130
46;Comunidad de práctica;4;127
48;Comunidad de práctica;4;116
49;Comunidad de práctica;4;114
50;Comunidad de práctica;4;111
51;Mentoría en pareja;2;143
52;Mentoría en pareja;2;56
53;Mentoría en pareja;2;274
54;Mentoría en pareja;2;119
55;Mentoría en pareja;2;139
56;Mentoría en pareja;2;309
57;Mentoría en pareja;2;118
58;Mentoría en pareja;2;107
59;Mentoría en pareja;2;145
60;Mentoría en pareja;2;310
61;Mentoría en pareja;2;117
62;Mentoría en pareja;2;277
63;Mentoría en pareja;2;153
64;Mentoría en pareja;2;311
65;Mentoría en pareja;2;115
66;Mentoría en pareja;2;146
67;Mentoría en pareja;2;313
68;Mentoría en pareja;2;275
69;Mentoría en pareja;2;113
70;Mentoría en pareja;2;315
71;Mentoría en pareja;2;112
72;Mentoría en pareja;2;140
73;Mentoría en pareja;2;273
74;Mentoría en pareja;2;318
75;Mentoría en pareja;2;110
76;Mentoría en pareja;2;276
77;Mentoría en pareja;2;147
78;Mentoría en pareja;2;106
79;Mentoría en pareja;2;105
80;Mentoría en pareja;2;138
81;Mentoría en pareja;2;149
82;Mentoría en pareja;2;154
83;Mentoría en pareja;2;272
84;Mentoría en pareja;2;155
85;Mentoría en pareja;2;108
86;Mentoría en pareja;2;109
87;Mentoría en pareja;2;278
88;Mentoría en pareja;2;285
89;Mentoría en pareja;2;303
90;Mentoría en pareja;2;122
91;Mentoría en pareja;2;304
92;Mentoría en pareja;2;120
93;Mentoría en pareja;2;307
94;Mentoría en pareja;2;123
95;Mentoría en pareja;2;301
96;Mentoría en pareja;2;144
97;Mentoría en pareja;2;124
98;Mentoría en pareja;2;300
99;Mentoría en pareja;2;284
100;Mentoría en pareja;2;125
101;Mentoría en pareja;2;298
102;Mentoría en pareja;2;126
103;Mentoría en pareja;2;297
104;Mentoría en pareja;2;279
105;Mentoría en pareja;2;6
106;Mentoría en pareja;2;5
107;Mentoría en pareja;2;7
108;Mentoría en pareja;2;4
109;Mentoría en pareja;2;1
110;Mentoría en pareja;2;8
111;Mentoría en pareja;2;9
112;Mentoría en pareja;2;10
113;Mentoría en pareja;2;128
114;Mentoría en pareja;2;11
115;Mentoría en pareja;2;12
116;Mentoría en pareja;2;13
117;Mentoría en pareja;2;214
118;Mentoría en pareja;2;14
119;Mentoría en pareja;2;213
120;Mentoría en pareja;2;296
121;Mentoría en pareja;2;15
122;Mentoría en pareja;2;215
123;Mentoría en pareja;2;16
124;Mentoría en pareja;2;17
125;Mentoría en pareja;2;212
126;Mentoría en pareja;2;216
127;Mentoría en pareja;2;18
128;Mentoría en pareja;2;211
129;Mentoría en pareja;2;217
130;Mentoría en pareja;2;20
131;Mentoría en pareja;2;210
132;Mentoría en pareja;2;218
133;Mentoría en pareja;2;21
134;Mentoría en pareja;2;129
135;Mentoría en pareja;2;22
136;Mentoría en pareja;2;23
137;Mentoría en pareja;2;209
138;Mentoría en pareja;2;219
139;Mentoría en pareja;2;24
140;Mentoría en pareja;2;207
141;Mentoría en pareja;2;25
142;Mentoría en pareja;2;220
143;Mentoría en pareja;2;206
144;Mentoría en pareja;2;27
145;Mentoría en pareja;2;295
146;Mentoría en pareja;2;281
147;Mentoría en pareja;2;29
149;Mentoría en pareja;2;221
150;Mentoría en pareja;2;205
151;Mentoría en pareja;2;31
152;Mentoría en pareja;2;222
153;Mentoría en pareja;2;204
154;Mentoría en pareja;2;32
155;Mentoría en pareja;2;224
156;Mentoría en pareja;2;203
157;Mentoría en pareja;2;33
158;Mentoría en pareja;2;131
159;Mentoría en pareja;2;293
160;Mentoría en pareja;2;34
161;Mentoría en pareja;2;35
162;Mentoría en pareja;2;225
163;Mentoría en pareja;2;202
164;Mentoría en pareja;2;37
165;Mentoría en pareja;2;226
166;Mentoría en pareja;2;39
167;Mentoría en pareja;2;201
168;Mentoría en pareja;2;227
169;Mentoría en pareja;2;41
170;Mentoría en pareja;2;132
171;Mentoría en pareja;2;42
172;Mentoría en pareja;2;44
173;Mentoría en pareja;2;200
174;Mentoría en pareja;2;229
175;Mentoría en pareja;2;46
177;Mentoría en pareja;2;231
178;Mentoría en pareja;2;47
179;Mentoría en pareja;2;198
180;Mentoría en pareja;2;232
181;Mentoría en pareja;2;48
182;Mentoría en pareja;2;291
183;Mentoría en pareja;2;49
184;Mentoría en pareja;2;51
185;Mentoría en pareja;2;197
186;Mentoría en pareja;2;52
187;Mentoría en pareja;2;234
188;Mentoría en pareja;2;196
189;Mentoría en pareja;2;53
190;Mentoría en pareja;2;235
191;Mentoría en pareja;2;195
192;Mentoría en pareja;2;54
193;Mentoría en pareja;2;283
194;Mentoría en pareja;2;134
195;Mentoría en pareja;2;58
196;Mentoría en pareja;2;236
197;Mentoría en pareja;2;194
198;Mentoría en pareja;2;59
199;Mentoría en pareja;2;237
200;Mentoría en pareja;2;193
201;Mentoría en pareja;2;62
202;Mentoría en pareja;2;239
203;Mentoría en pareja;2;192
204;Mentoría en pareja;2;64
205;Mentoría en pareja;2;290
206;Mentoría en pareja;2;142
207;Mentoría en pareja;2;65
208;Mentoría en pareja;2;66
209;Mentoría en pareja;2;240
210;Mentoría en pareja;2;67
211;Mentoría en pareja;2;191
212;Mentoría en pareja;2;241
213;Mentoría en pareja;2;68
214;Mentoría en pareja;2;190
216;Mentoría en pareja;2;69
217;Mentoría en pareja;2;189
218;Mentoría en pareja;2;135
219;Mentoría en pareja;2;70
220;Mentoría en pareja;2;243
221;Mentoría en pareja;2;71
222;Mentoría en pareja;2;188
223;Mentoría en pareja;2;244
224;Mentoría en pareja;2;72
225;Mentoría en pareja;2;184
226;Mentoría en pareja;2;73
227;Mentoría en pareja;2;245
228;Mentoría en pareja;2;182
229;Mentoría en pareja;2;74
230;Mentoría en pareja;2;246
231;Mentoría en pareja;2;289
232;Mentoría en pareja;2;75
233;Mentoría en pareja;2;181
234;Mentoría en pareja;2;76
235;Mentoría en pareja;2;250
236;Mentoría en pareja;2;179
237;Mentoría en pareja;2;77
238;Mentoría en pareja;2;253
239;Mentoría en pareja;2;178
240;Mentoría en pareja;2;78
241;Mentoría en pareja;2;254
242;Mentoría en pareja;2;174
243;Mentoría en pareja;2;79
244;Mentoría en pareja;2;282
245;Mentoría en pareja;2;80
246;Mentoría en pareja;2;255
247;Mentoría en pareja;2;81
248;Mentoría en pareja;2;173
249;Mentoría en pareja;2;256
250;Mentoría en pareja;2;82
251;Mentoría en pareja;2;172
252;Mentoría en pareja;2;257
253;Mentoría en pareja;2;83
254;Mentoría en pareja;2;170
255;Mentoría en pareja;2;258
256;Mentoría en pareja;2;85
257;Mentoría en pareja;2;169
258;Mentoría en pareja;2;137
259;Mentoría en pareja;2;87
260;Mentoría en pareja;2;259
261;Mentoría en pareja;2;88
262;Mentoría en pareja;2;167
263;Mentoría en pareja;2;89
264;Mentoría en pareja;2;261
265;Mentoría en pareja;2;166
266;Mentoría en pareja;2;90
267;Mentoría en pareja;2;104
268;Mentoría en pareja;2;262
269;Mentoría en pareja;2;165
270;Mentoría en pareja;2;91
271;Mentoría en pareja;2;264
272;Mentoría en pareja;2;287
273;Mentoría en pareja;2;93
274;Mentoría en pareja;2;164
275;Mentoría en pareja;2;94
276;Mentoría en pareja;2;265
277;Mentoría en pareja;2;163
278;Mentoría en pareja;2;97
279;Mentoría en pareja;2;266
280;Mentoría en pareja;2;162
281;Mentoría en pareja;2;98
282;Mentoría en pareja;2;268
283;Mentoría en pareja;2;99
284;Mentoría en pareja;2;160
285;Mentoría en pareja;2;141
286;Mentoría en pareja;2;100
287;Mentoría en pareja;2;269
288;Mentoría en pareja;2;101
289;Mentoría en pareja;2;159
290;Mentoría en pareja;2;270
291;Mentoría en pareja;2;102
292;Mentoría en pareja;2;157
293;Mentoría en pareja;2;271
294;Mentoría en pareja;2;103
295;Mentoría individual;2;246
296;Mentoría individual;2;250
297;Mentoría individual;2;254
298;Mentoría individual;2;109
299;Mentoría individual;2;110
300;Mentoría individual;2;112
301;Mentoría individual;2;113
302;Mentoría individual;2;115
303;Mentoría individual;2;117
304;Mentoría individual;2;118
305;Mentoría individual;2;253
306;Mentoría individual;2;119
307;Mentoría individual;2;120
308;Mentoría individual;2;122
309;Mentoría individual;2;123
310;Mentoría individual;2;124
311;Mentoría individual;2;125
312;Mentoría individual;2;126
313;Mentoría individual;2;128
314;Mentoría individual;2;129
315;Mentoría individual;2;131
316;Mentoría individual;2;132
317;Mentoría individual;2;134
318;Mentoría individual;2;135
319;Mentoría individual;2;137
320;Mentoría individual;2;138
321;Mentoría individual;2;139
322;Mentoría individual;2;140
323;Mentoría individual;2;141
324;Mentoría individual;2;142
325;Mentoría individual;2;143
326;Mentoría individual;2;144
327;Mentoría individual;2;145
328;Mentoría individual;2;146
329;Mentoría individual;2;147
330;Mentoría individual;2;149
331;Mentoría individual;2;153
332;Mentoría individual;2;154
333;Mentoría individual;2;155
334;Mentoría individual;2;157
335;Mentoría individual;2;255
336;Mentoría individual;2;256
337;Mentoría individual;2;271
338;Mentoría individual;2;257
339;Mentoría individual;2;258
340;Mentoría individual;2;259
341;Mentoría individual;2;313
342;Mentoría individual;2;311
343;Mentoría individual;2;310
344;Mentoría individual;2;309
345;Mentoría individual;2;307
346;Mentoría individual;2;304
347;Mentoría individual;2;303
348;Mentoría individual;2;301
349;Mentoría individual;2;300
350;Mentoría individual;2;298
351;Mentoría individual;2;297
352;Mentoría individual;2;296
353;Mentoría individual;2;295
354;Mentoría individual;2;293
355;Mentoría individual;2;291
356;Mentoría individual;2;290
357;Mentoría individual;2;289
358;Mentoría individual;2;287
359;Mentoría individual;2;285
360;Mentoría individual;2;284
361;Mentoría individual;2;107
362;Mentoría individual;2;106
363;Mentoría individual;2;105
364;Mentoría individual;2;104
365;Mentoría individual;2;283
366;Mentoría individual;2;103
367;Mentoría individual;2;102
368;Mentoría individual;2;101
369;Mentoría individual;2;100
370;Mentoría individual;2;282
371;Mentoría individual;2;99
372;Mentoría individual;2;98
373;Mentoría individual;2;97
374;Mentoría individual;2;94
375;Mentoría individual;2;281
376;Mentoría individual;2;93
377;Mentoría individual;2;91
378;Mentoría individual;2;90
379;Mentoría individual;2;270
380;Mentoría individual;2;89
381;Mentoría individual;2;279
382;Mentoría individual;2;88
383;Mentoría individual;2;87
384;Mentoría individual;2;85
385;Mentoría individual;2;83
386;Mentoría individual;2;278
387;Mentoría individual;2;82
388;Mentoría individual;2;81
389;Mentoría individual;2;80
390;Mentoría individual;2;79
391;Mentoría individual;2;277
392;Mentoría individual;2;78
393;Mentoría individual;2;77
394;Mentoría individual;2;76
395;Mentoría individual;2;75
396;Mentoría individual;2;74
397;Mentoría individual;2;73
398;Mentoría individual;2;72
399;Mentoría individual;2;71
400;Mentoría individual;2;70
401;Mentoría individual;2;276
402;Mentoría individual;2;69
403;Mentoría individual;2;68
404;Mentoría individual;2;67
405;Mentoría individual;2;66
406;Mentoría individual;2;65
407;Mentoría individual;2;64
408;Mentoría individual;2;62
409;Mentoría individual;2;59
410;Mentoría individual;2;58
411;Mentoría individual;2;56
412;Mentoría individual;2;54
413;Mentoría individual;2;53
414;Mentoría individual;2;52
415;Mentoría individual;2;51
416;Mentoría individual;2;49
417;Mentoría individual;2;48
418;Mentoría individual;2;47
419;Mentoría individual;2;46
420;Mentoría individual;2;44
421;Mentoría individual;2;42
422;Mentoría individual;2;41
423;Mentoría individual;2;39
424;Mentoría individual;2;37
425;Mentoría individual;2;35
427;Mentoría individual;2;33
428;Mentoría individual;2;32
429;Mentoría individual;2;31
430;Mentoría individual;2;30
431;Mentoría individual;2;275
432;Mentoría individual;2;29
433;Mentoría individual;2;27
434;Mentoría individual;2;25
435;Mentoría individual;2;24
436;Mentoría individual;2;23
437;Mentoría individual;2;22
438;Mentoría individual;2;21
439;Mentoría individual;2;20
440;Mentoría individual;2;18
441;Mentoría individual;2;17
442;Mentoría individual;2;16
443;Mentoría individual;2;15
444;Mentoría individual;2;14
445;Mentoría individual;2;13
446;Mentoría individual;2;12
447;Mentoría individual;2;11
448;Mentoría individual;2;10
449;Mentoría individual;2;9
450;Mentoría individual;2;8
451;Mentoría individual;2;274
452;Mentoría individual;2;7
453;Mentoría individual;2;5
454;Mentoría individual;2;4
455;Mentoría individual;2;1
456;Mentoría individual;2;273
457;Mentoría individual;2;108
458;Mentoría individual;2;165
459;Mentoría individual;2;166
460;Mentoría individual;2;167
461;Mentoría individual;2;6
462;Mentoría individual;2;169
463;Mentoría individual;2;170
464;Mentoría individual;2;172
465;Mentoría individual;2;173
466;Mentoría individual;2;163
467;Mentoría individual;2;174
468;Mentoría individual;2;178
469;Mentoría individual;2;179
470;Mentoría individual;2;181
471;Mentoría individual;2;272
472;Mentoría individual;2;182
473;Mentoría individual;2;184
474;Mentoría individual;2;188
475;Mentoría individual;2;189
476;Mentoría individual;2;318
477;Mentoría individual;2;190
478;Mentoría individual;2;191
479;Mentoría individual;2;192
480;Mentoría individual;2;193
481;Mentoría individual;2;315
482;Mentoría individual;2;194
483;Mentoría individual;2;195
484;Mentoría individual;2;196
485;Mentoría individual;2;197
486;Mentoría individual;2;159
487;Mentoría individual;2;198
489;Mentoría individual;2;200
490;Mentoría individual;2;201
491;Mentoría individual;2;160
492;Mentoría individual;2;202
493;Mentoría individual;2;203
494;Mentoría individual;2;204
495;Mentoría individual;2;205
496;Mentoría individual;2;162
497;Mentoría individual;2;206
498;Mentoría individual;2;207
499;Mentoría individual;2;209
500;Mentoría individual;2;210
501;Mentoría individual;2;164
502;Mentoría individual;2;211
503;Mentoría individual;2;212
504;Mentoría individual;2;213
505;Mentoría individual;2;214
506;Mentoría individual;2;261
507;Mentoría individual;2;215
508;Mentoría individual;2;216
509;Mentoría individual;2;217
510;Mentoría individual;2;218
511;Mentoría individual;2;262
512;Mentoría individual;2;219
513;Mentoría individual;2;220
514;Mentoría individual;2;221
515;Mentoría individual;2;222
516;Mentoría individual;2;264
517;Mentoría individual;2;224
518;Mentoría individual;2;225
519;Mentoría individual;2;226
520;Mentoría individual;2;227
521;Mentoría individual;2;265
522;Mentoría individual;2;229
523;Mentoría individual;2;231
524;Mentoría individual;2;232
525;Mentoría individual;2;234
526;Mentoría individual;2;266
527;Mentoría individual;2;235
528;Mentoría individual;2;236
529;Mentoría individual;2;237
530;Mentoría individual;2;239
531;Mentoría individual;2;268
532;Mentoría individual;2;240
533;Mentoría individual;2;241
535;Mentoría individual;2;243
536;Mentoría individual;2;269
537;Mentoría individual;2;244
538;Mentoría individual;2;245
539;Mentoría situacional;2;42
540;Mentoría situacional;2;165
541;Mentoría situacional;2;244
542;Mentoría situacional;2;164
543;Mentoría situacional;2;264
544;Mentoría situacional;2;189
545;Mentoría situacional;2;163
546;Mentoría situacional;2;265
547;Mentoría situacional;2;241
548;Mentoría situacional;2;162
549;Mentoría situacional;2;266
550;Mentoría situacional;2;281
551;Mentoría situacional;2;179
552;Mentoría situacional;2;141
553;Mentoría situacional;2;282
554;Mentoría situacional;2;140
555;Mentoría situacional;2;283
556;Mentoría situacional;2;193
557;Mentoría situacional;2;139
558;Mentoría situacional;2;284
559;Mentoría situacional;2;138
560;Mentoría situacional;2;285
561;Mentoría situacional;2;250
562;Mentoría situacional;2;137
563;Mentoría situacional;2;287
564;Mentoría situacional;2;236
565;Mentoría situacional;2;135
566;Mentoría situacional;2;289
567;Mentoría situacional;2;194
568;Mentoría situacional;2;134
569;Mentoría situacional;2;290
570;Mentoría situacional;2;132
571;Mentoría situacional;2;291
572;Mentoría situacional;2;131
573;Mentoría situacional;2;293
574;Mentoría situacional;2;235
575;Mentoría situacional;2;129
576;Mentoría situacional;2;295
577;Mentoría situacional;2;195
578;Mentoría situacional;2;128
579;Mentoría situacional;2;296
580;Mentoría situacional;2;126
581;Mentoría situacional;2;297
582;Mentoría situacional;2;178
583;Mentoría situacional;2;125
584;Mentoría situacional;2;298
585;Mentoría situacional;2;124
586;Mentoría situacional;2;300
587;Mentoría situacional;2;234
588;Mentoría situacional;2;123
589;Mentoría situacional;2;301
590;Mentoría situacional;2;122
591;Mentoría situacional;2;303
592;Mentoría situacional;2;253
593;Mentoría situacional;2;120
594;Mentoría situacional;2;304
595;Mentoría situacional;2;196
596;Mentoría situacional;2;119
597;Mentoría situacional;2;307
598;Mentoría situacional;2;232
599;Mentoría situacional;2;118
600;Mentoría situacional;2;309
601;Mentoría situacional;2;117
603;Mentoría situacional;2;182
604;Mentoría situacional;2;115
605;Mentoría situacional;2;311
606;Mentoría situacional;2;197
607;Mentoría situacional;2;113
608;Mentoría situacional;2;313
609;Mentoría situacional;2;231
610;Mentoría situacional;2;112
611;Mentoría situacional;2;315
612;Mentoría situacional;2;110
613;Mentoría situacional;2;318
614;Mentoría situacional;2;198
615;Mentoría situacional;2;229
617;Mentoría situacional;2;227
618;Mentoría situacional;2;200
619;Mentoría situacional;2;226
620;Mentoría situacional;2;201
621;Mentoría situacional;2;225
622;Mentoría situacional;2;202
623;Mentoría situacional;2;224
624;Mentoría situacional;2;203
625;Mentoría situacional;2;222
626;Mentoría situacional;2;204
627;Mentoría situacional;2;221
628;Mentoría situacional;2;205
629;Mentoría situacional;2;220
630;Mentoría situacional;2;206
631;Mentoría situacional;2;219
632;Mentoría situacional;2;207
633;Mentoría situacional;2;218
634;Mentoría situacional;2;209
635;Mentoría situacional;2;217
636;Mentoría situacional;2;210
637;Mentoría situacional;2;216
638;Mentoría situacional;2;211
639;Mentoría situacional;2;215
640;Mentoría situacional;2;212
641;Mentoría situacional;2;214
642;Mentoría situacional;2;213
643;Mentoría situacional;2;1
644;Mentoría situacional;2;4
645;Mentoría situacional;2;5
646;Mentoría situacional;2;6
647;Mentoría situacional;2;7
648;Mentoría situacional;2;8
649;Mentoría situacional;2;9
650;Mentoría situacional;2;10
651;Mentoría situacional;2;11
652;Mentoría situacional;2;12
653;Mentoría situacional;2;13
654;Mentoría situacional;2;14
655;Mentoría situacional;2;15
656;Mentoría situacional;2;16
657;Mentoría situacional;2;17
658;Mentoría situacional;2;18
659;Mentoría situacional;2;20
660;Mentoría situacional;2;21
661;Mentoría situacional;2;22
662;Mentoría situacional;2;23
663;Mentoría situacional;2;24
664;Mentoría situacional;2;25
665;Mentoría situacional;2;27
666;Mentoría situacional;2;29
667;Mentoría situacional;2;30
668;Mentoría situacional;2;94
669;Mentoría situacional;2;98
670;Mentoría situacional;2;99
671;Mentoría situacional;2;100
672;Mentoría situacional;2;101
673;Mentoría situacional;2;102
674;Mentoría situacional;2;103
675;Mentoría situacional;2;104
676;Mentoría situacional;2;105
677;Mentoría situacional;2;106
678;Mentoría situacional;2;107
679;Mentoría situacional;2;108
680;Mentoría situacional;2;109
681;Mentoría situacional;2;174
682;Mentoría situacional;2;254
683;Mentoría situacional;2;31
684;Mentoría situacional;2;32
685;Mentoría situacional;2;33
686;Mentoría situacional;2;34
687;Mentoría situacional;2;35
688;Mentoría situacional;2;37
689;Mentoría situacional;2;39
690;Mentoría situacional;2;41
691;Mentoría situacional;2;44
692;Mentoría situacional;2;46
693;Mentoría situacional;2;47
694;Mentoría situacional;2;48
695;Mentoría situacional;2;49
696;Mentoría situacional;2;51
697;Mentoría situacional;2;52
698;Mentoría situacional;2;53
699;Mentoría situacional;2;54
700;Mentoría situacional;2;56
701;Mentoría situacional;2;58
702;Mentoría situacional;2;59
703;Mentoría situacional;2;62
704;Mentoría situacional;2;64
705;Mentoría situacional;2;65
706;Mentoría situacional;2;66
707;Mentoría situacional;2;67
708;Mentoría situacional;2;68
709;Mentoría situacional;2;69
710;Mentoría situacional;2;70
711;Mentoría situacional;2;71
712;Mentoría situacional;2;72
713;Mentoría situacional;2;73
714;Mentoría situacional;2;74
715;Mentoría situacional;2;75
716;Mentoría situacional;2;76
717;Mentoría situacional;2;77
718;Mentoría situacional;2;78
719;Mentoría situacional;2;79
720;Mentoría situacional;2;80
721;Mentoría situacional;2;81
722;Mentoría situacional;2;82
723;Mentoría situacional;2;83
724;Mentoría situacional;2;85
725;Mentoría situacional;2;87
726;Mentoría situacional;2;88
727;Mentoría situacional;2;89
728;Mentoría situacional;2;90
729;Mentoría situacional;2;91
730;Mentoría situacional;2;93
731;Mentoría situacional;2;97
732;Mentoría situacional;2;173
733;Mentoría situacional;2;255
734;Mentoría situacional;2;243
735;Mentoría situacional;2;172
736;Mentoría situacional;2;256
737;Mentoría situacional;2;170
738;Mentoría situacional;2;257
739;Mentoría situacional;2;245
740;Mentoría situacional;2;169
741;Mentoría situacional;2;258
742;Mentoría situacional;2;188
743;Mentoría situacional;2;167
744;Mentoría situacional;2;259
746;Mentoría situacional;2;166
747;Mentoría situacional;2;261
748;Mentoría situacional;2;262
749;Mentoría situacional;2;160
750;Mentoría situacional;2;237
751;Mentoría situacional;2;268
752;Mentoría situacional;2;181
753;Mentoría situacional;2;159
754;Mentoría situacional;2;269
755;Mentoría situacional;2;190
756;Mentoría situacional;2;157
757;Mentoría situacional;2;270
758;Mentoría situacional;2;240
759;Mentoría situacional;2;155
760;Mentoría situacional;2;271
761;Mentoría situacional;2;154
762;Mentoría situacional;2;272
763;Mentoría situacional;2;246
764;Mentoría situacional;2;153
765;Mentoría situacional;2;273
766;Mentoría situacional;2;191
767;Mentoría situacional;2;149
768;Mentoría situacional;2;274
769;Mentoría situacional;2;147
770;Mentoría situacional;2;275
771;Mentoría situacional;2;146
772;Mentoría situacional;2;276
773;Mentoría situacional;2;184
774;Mentoría situacional;2;145
775;Mentoría situacional;2;277
776;Mentoría situacional;2;239
777;Mentoría situacional;2;144
779;Mentoría situacional;2;192
780;Mentoría situacional;2;143
781;Mentoría situacional;2;279
782;Mentoría situacional;2;142
783;Seminario de apertura;1;92
784;Seminario de apertura;1;95
785;Seminario de apertura;1;230
786;Seminario de apertura;1;228
787;Seminario de apertura;1;223
788;Seminario de apertura;1;26
789;Seminario de apertura;1;208
790;Seminario de apertura;1;43
791;Seminario de apertura;1;116
792;Seminario de apertura;1;148
793;Seminario de apertura;1;233
794;Seminario de apertura;1;150
795;Seminario de apertura;1;280
796;Seminario de apertura;1;3
797;Seminario de apertura;1;249
798;Seminario de apertura;1;288
799;Seminario de apertura;1;292
800;Seminario de apertura;1;63
802;Seminario de apertura;1;302
803;Seminario de apertura;1;40
804;Seminario de apertura;1;305
805;Seminario de apertura;1;308
806;Seminario de apertura;1;312
807;Seminario de apertura;1;251
808;Seminario de apertura;1;263
809;Seminario de apertura;1;267
810;Seminario de apertura;1;187
811;Seminario de apertura;1;185
812;Seminario de apertura;1;183
813;Seminario de apertura;1;114
814;Seminario de apertura;1;57
815;Seminario de apertura;1;84
816;Seminario de apertura;1;238
817;Seminario de apertura;1;111
818;Seminario de apertura;1;176
819;Seminario de apertura;1;175
820;Seminario de apertura;1;151
821;Seminario de apertura;1;133
822;Seminario de apertura;1;36
823;Seminario de apertura;1;130
824;Seminario de apertura;1;127
825;Seminario de apertura;1;2
826;Seminario de apertura;1;168
827;Seminario de apertura;1;86
828;Seminario de apertura;1;60
829;Seminario de apertura;1;136
830;Seminario de apertura;1;316
831;Seminario de apertura;1;96
832;Seminario de apertura;1;314
833;Seminario de clausura;1;114
834;Seminario de clausura;1;95
835;Seminario de clausura;1;111
836;Seminario de clausura;1;150
837;Seminario de clausura;1;280
838;Seminario de clausura;1;302
839;Seminario de clausura;1;92
840;Seminario de clausura;1;86
841;Seminario de clausura;1;84
842;Seminario de clausura;1;148
843;Seminario de clausura;1;63
844;Seminario de clausura;1;60
845;Seminario de clausura;1;57
846;Seminario de clausura;1;43
847;Seminario de clausura;1;40
848;Seminario de clausura;1;36
849;Seminario de clausura;1;26
850;Seminario de clausura;1;3
851;Seminario de clausura;1;2
852;Seminario de clausura;1;168
853;Seminario de clausura;1;136
854;Seminario de clausura;1;316
855;Seminario de clausura;1;314
856;Seminario de clausura;1;312
857;Seminario de clausura;1;96
858;Seminario de clausura;1;308
859;Seminario de clausura;1;305
860;Seminario de clausura;1;292
861;Seminario de clausura;1;288
862;Seminario de clausura;1;267
863;Seminario de clausura;1;263
864;Seminario de clausura;1;251
865;Seminario de clausura;1;249
868;Seminario de clausura;1;230
869;Seminario de clausura;1;228
870;Seminario de clausura;1;223
871;Seminario de clausura;1;208
872;Seminario de clausura;1;187
873;Seminario de clausura;1;185
874;Seminario de clausura;1;183
875;Seminario de clausura;1;176
876;Seminario de clausura;1;175
877;Seminario de clausura;1;151
878;Seminario de clausura;1;133
879;Seminario de clausura;1;130
880;Seminario de clausura;1;127
882;Seminario de clausura;1;116
883;Seminario intermodular 1;1;168
884;Seminario intermodular 1;1;238
885;Seminario intermodular 1;1;292
886;Seminario intermodular 1;1;111
887;Seminario intermodular 1;1;249
888;Seminario intermodular 1;1;136
889;Seminario intermodular 1;1;150
890;Seminario intermodular 1;1;92
891;Seminario intermodular 1;1;305
892;Seminario intermodular 1;1;183
893;Seminario intermodular 1;1;63
894;Seminario intermodular 1;1;40
895;Seminario intermodular 1;1;148
896;Seminario intermodular 1;1;26
897;Seminario intermodular 1;1;151
898;Seminario intermodular 1;1;308
899;Seminario intermodular 1;1;3
900;Seminario intermodular 1;1;185
901;Seminario intermodular 1;1;175
902;Seminario intermodular 1;1;43
903;Seminario intermodular 1;1;251
905;Seminario intermodular 1;1;302
906;Seminario intermodular 1;1;288
907;Seminario intermodular 1;1;95
908;Seminario intermodular 1;1;316
909;Seminario intermodular 1;1;84
910;Seminario intermodular 1;1;127
911;Seminario intermodular 1;1;176
912;Seminario intermodular 1;1;314
913;Seminario intermodular 1;1;280
914;Seminario intermodular 1;1;36
915;Seminario intermodular 1;1;60
916;Seminario intermodular 1;1;230
917;Seminario intermodular 1;1;116
918;Seminario intermodular 1;1;2
919;Seminario intermodular 1;1;228
920;Seminario intermodular 1;1;267
921;Seminario intermodular 1;1;133
922;Seminario intermodular 1;1;96
923;Seminario intermodular 1;1;263
924;Seminario intermodular 1;1;223
925;Seminario intermodular 1;1;57
926;Seminario intermodular 1;1;86
927;Seminario intermodular 1;1;208
928;Seminario intermodular 1;1;130
929;Seminario intermodular 1;1;233
930;Seminario intermodular 1;1;187
931;Seminario intermodular 1;1;114
932;Seminario intermodular 1;1;312
933;Seminario intermodular 2;1;267
934;Seminario intermodular 2;1;176
935;Seminario intermodular 2;1;183
936;Seminario intermodular 2;1;60
937;Seminario intermodular 2;1;280
938;Seminario intermodular 2;1;187
939;Seminario intermodular 2;1;57
940;Seminario intermodular 2;1;130
941;Seminario intermodular 2;1;185
942;Seminario intermodular 2;1;43
943;Seminario intermodular 2;1;230
944;Seminario intermodular 2;1;233
945;Seminario intermodular 2;1;96
946;Seminario intermodular 2;1;208
947;Seminario intermodular 2;1;36
948;Seminario intermodular 2;1;263
949;Seminario intermodular 2;1;314
950;Seminario intermodular 2;1;238
951;Seminario intermodular 2;1;223
952;Seminario intermodular 2;1;40
953;Seminario intermodular 2;1;249
957;Seminario intermodular 2;1;116
958;Seminario intermodular 2;1;2
959;Seminario intermodular 2;1;308
960;Seminario intermodular 2;1;84
961;Seminario intermodular 2;1;305
962;Seminario intermodular 2;1;86
964;Seminario intermodular 2;1;228
965;Seminario intermodular 2;1;127
966;Seminario intermodular 2;1;302
967;Seminario intermodular 2;1;136
968;Seminario intermodular 2;1;148
969;Seminario intermodular 2;1;133
970;Seminario intermodular 2;1;95
971;Seminario intermodular 2;1;3
972;Seminario intermodular 2;1;292
973;Seminario intermodular 2;1;150
974;Seminario intermodular 2;1;114
975;Seminario intermodular 2;1;151
976;Seminario intermodular 2;1;63
977;Seminario intermodular 2;1;175
978;Seminario intermodular 2;1;92
979;Seminario intermodular 2;1;288
980;Seminario intermodular 2;1;26
981;Seminario intermodular 2;1;316
982;Seminario intermodular 2;1;168
983;Sesión sincrónica 1;5;263
984;Sesión sincrónica 1;5;288
985;Sesión sincrónica 1;5;302
986;Sesión sincrónica 1;5;267
987;Sesión sincrónica 1;5;116
988;Sesión sincrónica 1;5;305
989;Sesión sincrónica 1;5;308
990;Sesión sincrónica 1;5;312
991;Sesión sincrónica 1;5;314
992;Sesión sincrónica 1;5;316
993;Sesión sincrónica 1;5;136
994;Sesión sincrónica 1;5;168
995;Sesión sincrónica 1;5;2
996;Sesión sincrónica 1;5;3
997;Sesión sincrónica 1;5;26
998;Sesión sincrónica 1;5;36
999;Sesión sincrónica 1;5;40
1000;Sesión sincrónica 1;5;43
1001;Sesión sincrónica 1;5;57
1002;Sesión sincrónica 1;5;60
1003;Sesión sincrónica 1;5;63
1004;Sesión sincrónica 1;5;148
1005;Sesión sincrónica 1;5;84
1006;Sesión sincrónica 1;5;86
1007;Sesión sincrónica 1;5;280
1008;Sesión sincrónica 1;5;92
1009;Sesión sincrónica 1;5;95
1010;Sesión sincrónica 1;5;292
1011;Sesión sincrónica 1;5;96
1012;Sesión sincrónica 1;5;111
1013;Sesión sincrónica 1;5;114
1015;Sesión sincrónica 1;5;127
1016;Sesión sincrónica 1;5;130
1017;Sesión sincrónica 1;5;133
1018;Sesión sincrónica 1;5;150
1019;Sesión sincrónica 1;5;151
1020;Sesión sincrónica 1;5;175
1021;Sesión sincrónica 1;5;176
1022;Sesión sincrónica 1;5;183
1023;Sesión sincrónica 1;5;185
1024;Sesión sincrónica 1;5;187
1025;Sesión sincrónica 1;5;208
1026;Sesión sincrónica 1;5;223
1027;Sesión sincrónica 1;5;228
1028;Sesión sincrónica 1;5;230
1029;Sesión sincrónica 1;5;233
1030;Sesión sincrónica 1;5;238
1031;Sesión sincrónica 1;5;249
1032;Sesión sincrónica 1;5;251
1034;Sesión sincrónica 2;5;26
1035;Sesión sincrónica 2;5;116
1036;Sesión sincrónica 2;5;57
1037;Sesión sincrónica 2;5;251
1038;Sesión sincrónica 2;5;114
1039;Sesión sincrónica 2;5;314
1040;Sesión sincrónica 2;5;111
1041;Sesión sincrónica 2;5;60
1043;Sesión sincrónica 2;5;95
1044;Sesión sincrónica 2;5;63
1045;Sesión sincrónica 2;5;249
1046;Sesión sincrónica 2;5;92
1047;Sesión sincrónica 2;5;86
1048;Sesión sincrónica 2;5;148
1049;Sesión sincrónica 2;5;302
1050;Sesión sincrónica 2;5;84
1051;Sesión sincrónica 2;5;238
1052;Sesión sincrónica 2;5;316
1053;Sesión sincrónica 2;5;233
1054;Sesión sincrónica 2;5;288
1055;Sesión sincrónica 2;5;230
1056;Sesión sincrónica 2;5;136
1057;Sesión sincrónica 2;5;308
1058;Sesión sincrónica 2;5;228
1059;Sesión sincrónica 2;5;305
1060;Sesión sincrónica 2;5;223
1061;Sesión sincrónica 2;5;168
1062;Sesión sincrónica 2;5;208
1063;Sesión sincrónica 2;5;280
1064;Sesión sincrónica 2;5;187
1065;Sesión sincrónica 2;5;2
1066;Sesión sincrónica 2;5;185
1067;Sesión sincrónica 2;5;183
1068;Sesión sincrónica 2;5;3
1069;Sesión sincrónica 2;5;176
1070;Sesión sincrónica 2;5;267
1071;Sesión sincrónica 2;5;175
1072;Sesión sincrónica 2;5;312
1073;Sesión sincrónica 2;5;151
1074;Sesión sincrónica 2;5;150
1075;Sesión sincrónica 2;5;36
1076;Sesión sincrónica 2;5;133
1077;Sesión sincrónica 2;5;263
1078;Sesión sincrónica 2;5;130
1079;Sesión sincrónica 2;5;40
1080;Sesión sincrónica 2;5;127
1081;Sesión sincrónica 2;5;292
1082;Sesión sincrónica 2;5;43
1083;Sesión sincrónica 3;5;92
1084;Sesión sincrónica 3;5;127
1085;Sesión sincrónica 3;5;116
1086;Sesión sincrónica 3;5;151
1087;Sesión sincrónica 3;5;43
1088;Sesión sincrónica 3;5;280
1089;Sesión sincrónica 3;5;208
1090;Sesión sincrónica 3;5;114
1091;Sesión sincrónica 3;5;130
1092;Sesión sincrónica 3;5;57
1093;Sesión sincrónica 3;5;168
1094;Sesión sincrónica 3;5;111
1095;Sesión sincrónica 3;5;26
1096;Sesión sincrónica 3;5;187
1097;Sesión sincrónica 3;5;305
1098;Sesión sincrónica 3;5;96
1099;Sesión sincrónica 3;5;292
1100;Sesión sincrónica 3;5;60
1101;Sesión sincrónica 3;5;249
1102;Sesión sincrónica 3;5;95
1103;Sesión sincrónica 3;5;150
1104;Sesión sincrónica 3;5;308
1105;Sesión sincrónica 3;5;185
1107;Sesión sincrónica 3;5;63
1108;Sesión sincrónica 3;5;314
1109;Sesión sincrónica 3;5;86
1110;Sesión sincrónica 3;5;2
1111;Sesión sincrónica 3;5;302
1112;Sesión sincrónica 3;5;183
1113;Sesión sincrónica 3;5;84
1114;Sesión sincrónica 3;5;40
1115;Sesión sincrónica 3;5;148
1116;Sesión sincrónica 3;5;238
1117;Sesión sincrónica 3;5;263
1118;Sesión sincrónica 3;5;267
1119;Sesión sincrónica 3;5;288
1120;Sesión sincrónica 3;5;233
1121;Sesión sincrónica 3;5;176
1122;Sesión sincrónica 3;5;316
1123;Sesión sincrónica 3;5;133
1124;Sesión sincrónica 3;5;230
1125;Sesión sincrónica 3;5;3
1126;Sesión sincrónica 3;5;312
1127;Sesión sincrónica 3;5;175
1128;Sesión sincrónica 3;5;228
1129;Sesión sincrónica 3;5;36
1132;Sesión sincrónica 3;5;223
1133;Sesión sincrónica 4;5;316
1134;Sesión sincrónica 4;5;305
1135;Sesión sincrónica 4;5;314
1136;Sesión sincrónica 4;5;302
1137;Sesión sincrónica 4;5;292
1138;Sesión sincrónica 4;5;288
1139;Sesión sincrónica 4;5;280
1140;Sesión sincrónica 4;5;267
1141;Sesión sincrónica 4;5;308
1142;Sesión sincrónica 4;5;263
1143;Sesión sincrónica 4;5;251
1144;Sesión sincrónica 4;5;249
1145;Sesión sincrónica 4;5;238
1146;Sesión sincrónica 4;5;233
1147;Sesión sincrónica 4;5;230
1148;Sesión sincrónica 4;5;228
1149;Sesión sincrónica 4;5;223
1150;Sesión sincrónica 4;5;208
1151;Sesión sincrónica 4;5;187
1152;Sesión sincrónica 4;5;185
1153;Sesión sincrónica 4;5;183
1154;Sesión sincrónica 4;5;176
1155;Sesión sincrónica 4;5;175
1156;Sesión sincrónica 4;5;151
1157;Sesión sincrónica 4;5;312
1158;Sesión sincrónica 4;5;150
1159;Sesión sincrónica 4;5;133
1160;Sesión sincrónica 4;5;130
1161;Sesión sincrónica 4;5;127
1163;Sesión sincrónica 4;5;116
1164;Sesión sincrónica 4;5;114
1165;Sesión sincrónica 4;5;111
1166;Sesión sincrónica 4;5;96
1167;Sesión sincrónica 4;5;95
1168;Sesión sincrónica 4;5;92
1169;Sesión sincrónica 4;5;86
1170;Sesión sincrónica 4;5;84
1171;Sesión sincrónica 4;5;148
1172;Sesión sincrónica 4;5;63
1173;Sesión sincrónica 4;5;60
1174;Sesión sincrónica 4;5;57
1175;Sesión sincrónica 4;5;43
1176;Sesión sincrónica 4;5;40
1177;Sesión sincrónica 4;5;36
1178;Sesión sincrónica 4;5;26
1179;Sesión sincrónica 4;5;3
1180;Sesión sincrónica 4;5;2
1181;Sesión sincrónica 4;5;168
1182;Sesión sincrónica 4;5;136
1183;Sesión sincrónica 5;5;3
1184;Sesión sincrónica 5;5;148
1185;Sesión sincrónica 5;5;40
1187;Sesión sincrónica 5;5;127
1188;Sesión sincrónica 5;5;36
1189;Sesión sincrónica 5;5;130
1190;Sesión sincrónica 5;5;133
1191;Sesión sincrónica 5;5;26
1192;Sesión sincrónica 5;5;150
1193;Sesión sincrónica 5;5;151
1194;Sesión sincrónica 5;5;175
1195;Sesión sincrónica 5;5;176
1196;Sesión sincrónica 5;5;2
1197;Sesión sincrónica 5;5;183
1198;Sesión sincrónica 5;5;185
1199;Sesión sincrónica 5;5;168
1200;Sesión sincrónica 5;5;187
1201;Sesión sincrónica 5;5;208
1202;Sesión sincrónica 5;5;136
1203;Sesión sincrónica 5;5;223
1204;Sesión sincrónica 5;5;228
1205;Sesión sincrónica 5;5;316
1206;Sesión sincrónica 5;5;230
1207;Sesión sincrónica 5;5;233
1208;Sesión sincrónica 5;5;314
1209;Sesión sincrónica 5;5;302
1210;Sesión sincrónica 5;5;116
1211;Sesión sincrónica 5;5;43
1212;Sesión sincrónica 5;5;114
1213;Sesión sincrónica 5;5;111
1214;Sesión sincrónica 5;5;57
1215;Sesión sincrónica 5;5;96
1216;Sesión sincrónica 5;5;95
1217;Sesión sincrónica 5;5;60
1218;Sesión sincrónica 5;5;92
1219;Sesión sincrónica 5;5;86
1220;Sesión sincrónica 5;5;63
1221;Sesión sincrónica 5;5;84
1222;Sesión sincrónica 5;5;238
1223;Sesión sincrónica 5;5;292
1224;Sesión sincrónica 5;5;288
1225;Sesión sincrónica 5;5;305
1226;Sesión sincrónica 5;5;280
1227;Sesión sincrónica 5;5;267
1228;Sesión sincrónica 5;5;308
1229;Sesión sincrónica 5;5;263
1230;Sesión sincrónica 5;5;251
1231;Sesión sincrónica 5;5;312
1232;Sesión sincrónica 5;5;249
1234;Taller 1;3;175
1235;Taller 1;3;187
1236;Taller 1;3;63
1237;Taller 1;3;263
1238;Taller 1;3;151
1239;Taller 1;3;150
1240;Taller 1;3;133
1241;Taller 1;3;130
1242;Taller 1;3;292
1243;Taller 1;3;208
1244;Taller 1;3;36
1245;Taller 1;3;223
1246;Taller 1;3;228
1247;Taller 1;3;230
1248;Taller 1;3;26
1249;Taller 1;3;127
1250;Taller 1;3;233
1251;Taller 1;3;148
1252;Taller 1;3;3
1253;Taller 1;3;176
1254;Taller 1;3;183
1255;Taller 1;3;40
1256;Taller 1;3;2
1257;Taller 1;3;84
1258;Taller 1;3;86
1259;Taller 1;3;92
1260;Taller 1;3;168
1261;Taller 1;3;43
1262;Taller 1;3;95
1263;Taller 1;3;96
1264;Taller 1;3;136
1265;Taller 1;3;111
1266;Taller 1;3;57
1267;Taller 1;3;185
1268;Taller 1;3;114
1269;Taller 1;3;316
1270;Taller 1;3;116
1272;Taller 1;3;60
1273;Taller 1;3;251
1274;Taller 1;3;249
1275;Taller 1;3;238
1276;Taller 1;3;267
1277;Taller 1;3;280
1278;Taller 1;3;288
1279;Taller 1;3;314
1280;Taller 1;3;312
1281;Taller 1;3;308
1282;Taller 1;3;305
1283;Taller 2;3;168
1284;Taller 2;3;111
1285;Taller 2;3;127
1286;Taller 2;3;148
1287;Taller 2;3;223
1288;Taller 2;3;130
1289;Taller 2;3;114
1290;Taller 2;3;57
1291;Taller 2;3;316
1292;Taller 2;3;133
1293;Taller 2;3;84
1294;Taller 2;3;314
1295;Taller 2;3;187
1296;Taller 2;3;228
1297;Taller 2;3;151
1298;Taller 2;3;36
1299;Taller 2;3;312
1300;Taller 2;3;175
1301;Taller 2;3;86
1302;Taller 2;3;249
1303;Taller 2;3;176
1304;Taller 2;3;60
1305;Taller 2;3;230
1306;Taller 2;3;183
1307;Taller 2;3;308
1308;Taller 2;3;92
1309;Taller 2;3;185
1310;Taller 2;3;43
1311;Taller 2;3;305
1312;Taller 2;3;280
1313;Taller 2;3;208
1314;Taller 2;3;238
1315;Taller 2;3;288
1316;Taller 2;3;95
1317;Taller 2;3;267
1318;Taller 2;3;302
1319;Taller 2;3;63
1320;Taller 2;3;263
1321;Taller 2;3;96
1371;Taller 3;3;111
1372;Taller 3;3;96
1373;Taller 3;3;2
1374;Taller 3;3;95
1375;Taller 3;3;92
1376;Taller 3;3;36
1377;Taller 3;3;86
1378;Taller 3;3;84
1379;Taller 3;3;148
1380;Taller 3;3;63
1381;Taller 3;3;60
1382;Taller 3;3;57
1390;Seminario de apertura;1;242
1391;Seminario de clausura;1;242
1392;Seminario intermodular 1;1;242
1393;Seminario intermodular 2;1;242
1394;Sesión sincrónica 1;5;242
1395;Sesión sincrónica 2;5;242
1396;Sesión sincrónica 3;5;242
1397;Sesión sincrónica 4;5;242
1398;Sesión sincrónica 5;5;242
1399;Taller 1;3;242
1400;Comunidad de práctica;4;242
1401;Taller 2;3;242
1402;Taller 3;3;242
1403;Seminario de apertura;1;5
1404;Seminario de clausura;1;5
1405;Seminario intermodular 1;1;5
1406;Seminario intermodular 2;1;5
1407;Sesión sincrónica 1;5;5
1408;Sesión sincrónica 2;5;5
1409;Sesión sincrónica 3;5;5
1410;Sesión sincrónica 4;5;5
1411;Sesión sincrónica 5;5;5
1412;Taller 1;3;5
1413;Comunidad de práctica;4;5
1414;Taller 2;3;5
1415;Taller 3;3;5
1;Comunidad de práctica;4;96
2;Comunidad de práctica;4;95
3;Comunidad de práctica;4;92
4;Comunidad de práctica;4;86
5;Comunidad de práctica;4;84
6;Comunidad de práctica;4;148
7;Comunidad de práctica;4;63
8;Comunidad de práctica;4;60
9;Comunidad de práctica;4;57
10;Comunidad de práctica;4;43
11;Comunidad de práctica;4;40
12;Comunidad de práctica;4;36
13;Comunidad de práctica;4;26
14;Comunidad de práctica;4;3
15;Comunidad de práctica;4;2
16;Comunidad de práctica;4;168
17;Comunidad de práctica;4;136
18;Comunidad de práctica;4;316
19;Comunidad de práctica;4;314
20;Comunidad de práctica;4;312
21;Comunidad de práctica;4;308
22;Comunidad de práctica;4;305
23;Comunidad de práctica;4;302
24;Comunidad de práctica;4;292
25;Comunidad de práctica;4;288
26;Comunidad de práctica;4;280
27;Comunidad de práctica;4;267
28;Comunidad de práctica;4;263
29;Comunidad de práctica;4;251
30;Comunidad de práctica;4;249
31;Comunidad de práctica;4;238
32;Comunidad de práctica;4;233
33;Comunidad de práctica;4;230
34;Comunidad de práctica;4;228
35;Comunidad de práctica;4;223
148;Mentoría en pareja;2;30
426;Mentoría individual;2;34
602;Mentoría situacional;2;310
778;Mentoría situacional;2;278
866;Seminario de clausura;1;238
867;Seminario de clausura;1;233
954;Seminario intermodular 2;1;251
955;Seminario intermodular 2;1;312
956;Seminario intermodular 2;1;111
1042;Sesión sincrónica 2;5;96
1130;Sesión sincrónica 3;5;136
1131;Sesión sincrónica 3;5;251
1233;Taller 1;3;302
1322;Taller 2;3;251
1323;Taller 2;3;292
1324;Taller 2;3;136
1325;Taller 2;3;116
1326;Taller 2;3;2
1327;Taller 2;3;40
1328;Taller 2;3;3
1330;Taller 2;3;26
1331;Taller 2;3;150
1333;Taller 3;3;43
1334;Taller 3;3;263
1336;Taller 3;3;40
1338;Taller 3;3;249
1339;Taller 3;3;288
1340;Taller 3;3;280
1341;Taller 3;3;168
1342;Taller 3;3;185
1343;Taller 3;3;136
1344;Taller 3;3;267
1345;Taller 3;3;230
1346;Taller 3;3;183
1348;Taller 3;3;176
1349;Taller 3;3;175
1350;Taller 3;3;228
1351;Taller 3;3;151
1352;Taller 3;3;150
1353;Taller 3;3;233
1354;Taller 3;3;133
1355;Taller 3;3;223
1356;Taller 3;3;130
1357;Taller 3;3;127
1358;Taller 3;3;26
1359;Taller 3;3;116
1360;Taller 3;3;3
1361;Taller 3;3;292
1362;Taller 3;3;208
1363;Taller 3;3;302
1364;Taller 3;3;305
1365;Taller 3;3;238
1366;Taller 3;3;308
1367;Taller 3;3;187
1368;Taller 3;3;312
1369;Taller 3;3;314
1370;Taller 3;3;114
1332;Taller 2;3;233
1337;Taller 3;3;316
1347;Taller 3;3;251
